<?xml version="1.0"?>
<rdf:RDF
    xmlns:rdf="http://www.w3.org/1999/02/22-rdf-syntax-ns#"
    xmlns="http://purl.org/olia/system.owl#"
    xmlns:rdfs="http://www.w3.org/2000/01/rdf-schema#"
    xmlns:olia_system="http://purl.org/olia/system.owl#"
    xmlns:owl="http://www.w3.org/2002/07/owl#"
  xml:base="http://purl.org/olia/system.owl">
  <owl:Ontology rdf:about="http://purl.org/olia/system.owl">
    <rdfs:comment>OLiA core concepts for linguistic annotations.</rdfs:comment>
    <owl:versionInfo>
      2008-01-13 created
      2010-04-06 removed deprecated Category (equiv UnitOfAnnotation) category
	  2010-04-14 added AnnotationProcess (cf. DCR process directory)
	  2011-07-15 replaced base url by purl
	  2011-07-27 added hasTagMatching with full support for XSLT-style regular expressions
	  2013-06-27 added ISOcat reference for LinguisticAnnotation
	  
      Christian Chiarcos, chiarcos@uni-potsdam.de
    </owl:versionInfo>
	<owl:versionInfo>TODO: LinguisticAnnotation disjoint</owl:versionInfo>
  </owl:Ontology>
  <owl:Class rdf:ID="LinguisticAnnotation">
    <rdfs:comment rdf:datatype="http://www.w3.org/2001/XMLSchema#string"
    >Linguistic annotations pertain to either structural entities (words, tokens, constituents, sentences =&gt; UnitOfAnnotation), relations between these (dependency, dominance, coreference, etc. =&gt; Relation), or grammatical features attached to these (case, gender, number, agreement, tense, mood, aspect, ... =&gt; Feature).</rdfs:comment>
	<rdfs:isDefinedBy>http://www.isocat.org/datcat/DC-1857</rdfs:isDefinedBy>
      <rdfs:comment>label: Text attached to an element</rdfs:comment>
  </owl:Class>
  <owl:Class rdf:ID="UnitOfAnnotation">
    <!--rdfs:subClassOf>
      <owl:Class>
        <owl:complementOf>
          <owl:Class rdf:ID="Feature"/>
        </owl:complementOf>
      </owl:Class>
    </rdfs:subClassOf-->
    <rdfs:subClassOf rdf:resource="http://purl.org/olia/system.owl#LinguisticAnnotation"/>
    <rdfs:comment rdf:datatype="http://www.w3.org/2001/XMLSchema#string"
    >A UnitOfAnnotation is a structural entity that can be annotated, e.g., a word, token, constituent, or another types of markable.
Word classes, etc., are then modelled as indirect children of UnitOfAnnotation. The division between Features and classes of UnitsOfAnnotation follows conventional standards.
    </rdfs:comment>
  </owl:Class>
  <owl:Class rdf:about="http://purl.org/olia/system.owl#Feature">
    <!--rdfs:subClassOf>
      <owl:Class>
        <owl:complementOf rdf:resource="http://purl.org/olia/system.owl#UnitOfAnnotation"/>
      </owl:Class>
    </rdfs:subClassOf-->
    <!-- rdfs:subClassOf>
      <owl:Class>
        <owl:complementOf>
          <owl:Class rdf:ID="Relation"/>
        </owl:complementOf>
      </owl:Class>
    </rdfs:subClassOf-->
    <rdfs:subClassOf rdf:resource="http://purl.org/olia/system.owl#LinguisticAnnotation"/>
    <rdfs:comment rdf:datatype="http://www.w3.org/2001/XMLSchema#string"
    >UnitsOfAnnotation and Relations can be described in a more detailed way by the features that are attached to them, e.g., case, number, or aspect. Features are, however, not subject to further annotations (by means of hasFeature), they are thus disjoint from Relations and UnitsOfAnnotation.</rdfs:comment>
  </owl:Class>
  <owl:Class rdf:about="http://purl.org/olia/system.owl#Relation">
    <owl:equivalentClass>
      <owl:Class>
        <owl:unionOf rdf:parseType="Collection">
          <owl:Restriction>
            <owl:onProperty>
              <owl:ObjectProperty rdf:ID="hasTarget"/>
            </owl:onProperty>
            <owl:minCardinality rdf:datatype="http://www.w3.org/2001/XMLSchema#int"
            >1</owl:minCardinality>
          </owl:Restriction>
          <owl:Restriction>
            <owl:onProperty>
              <owl:ObjectProperty rdf:ID="hasSource"/>
            </owl:onProperty>
            <owl:minCardinality rdf:datatype="http://www.w3.org/2001/XMLSchema#int"
            >1</owl:minCardinality>
          </owl:Restriction>
        </owl:unionOf>
      </owl:Class>
    </owl:equivalentClass>
    <rdfs:comment rdf:datatype="http://www.w3.org/2001/XMLSchema#string"
    >Between instances of two Categories, a Relation can be established that links these together, e.g., a dominance relation (constituent X is grammatical subject of sentence Y), a dependency relation (token X is a modifier of token Y), a discourse relation (discourse unit X is in contrast to discourse unit Y), an anaphoric relation (referring expression X is coreferent with referring expressing Y), an alignment relation (word X expresses the same meaning as word Y).
Note that Relation and UnitOfAnnotation are not disjoint, because in some approaches, establishing a Relation between two concepts entails that a structural entity is formed, consisting of Relation and the Categories connected by the Relation, e.g., in Rhetorical Structure Theory (Mann and Thompson 1987).</rdfs:comment>
    <!--rdfs:subClassOf>
      <owl:Class>
        <owl:complementOf rdf:resource="http://purl.org/olia/system.owl#Feature"/>
      </owl:Class>
    </rdfs:subClassOf-->
    <rdfs:subClassOf rdf:resource="http://purl.org/olia/system.owl#LinguisticAnnotation"/>
    <rdfs:subClassOf>
      <owl:Restriction>
        <owl:cardinality rdf:datatype="http://www.w3.org/2001/XMLSchema#int"
        >1</owl:cardinality>
        <owl:onProperty>
          <owl:ObjectProperty rdf:about="http://purl.org/olia/system.owl#hasTarget"/>
        </owl:onProperty>
      </owl:Restriction>
    </rdfs:subClassOf>
    <rdfs:subClassOf>
      <owl:Restriction>
        <owl:onProperty>
          <owl:ObjectProperty rdf:about="http://purl.org/olia/system.owl#hasSource"/>
        </owl:onProperty>
        <owl:cardinality rdf:datatype="http://www.w3.org/2001/XMLSchema#int"
        >1</owl:cardinality>
      </owl:Restriction>
    </rdfs:subClassOf>
  </owl:Class>
  <owl:ObjectProperty rdf:about="http://purl.org/olia/system.owl#hasTarget">
    <rdfs:domain rdf:resource="http://purl.org/olia/system.owl#Relation"/>
    <rdfs:range rdf:resource="http://purl.org/olia/system.owl#UnitOfAnnotation"/>
    <rdfs:comment rdf:datatype="http://www.w3.org/2001/XMLSchema#string"
    >A Relation is a directed edge between a source and a target concept.</rdfs:comment>
  </owl:ObjectProperty>
  <owl:ObjectProperty rdf:about="http://purl.org/olia/system.owl#hasSource">
    <rdfs:comment rdf:datatype="http://www.w3.org/2001/XMLSchema#string"
    >A Relation is a directed edge between a source and a target concept.</rdfs:comment>
    <rdfs:range rdf:resource="http://purl.org/olia/system.owl#UnitOfAnnotation"/>
    <rdfs:domain rdf:resource="http://purl.org/olia/system.owl#Relation"/>
  </owl:ObjectProperty>
  <owl:ObjectProperty rdf:ID="hasFeature">
    <rdfs:range rdf:resource="http://purl.org/olia/system.owl#Feature"/>
    <rdfs:comment rdf:datatype="http://www.w3.org/2001/XMLSchema#string"
    >A UnitOfAnnotation or a Relation can carry Features that express annotations attached to them. By convention, (tags that represent) Features can be linked with Feature individuals, as well. Because of this reflexivity, a predicate like hasDegree(positive) allows to retrieve the individual positive as well. (This is necessary if positive represents a tag on its own, rather than being a property of a complex tag.)</rdfs:comment>
    <rdfs:domain rdf:resource="http://purl.org/olia/system.owl#LinguisticAnnotation"/>
  </owl:ObjectProperty>
  <owl:DatatypeProperty rdf:ID="hasTagContaining">
    <rdfs:subPropertyOf>
      <owl:DatatypeProperty rdf:ID="hasTag">
        <rdfs:domain rdf:resource="http://purl.org/olia/system.owl#LinguisticAnnotation"/>
        <rdfs:comment rdf:datatype="http://www.w3.org/2001/XMLSchema#string"
        >Assigns a Linguistic Annotation a String representation, e.g., a particular Part of Speech tag, the respective abbreviation of the grammatical cases used in an annotation scheme, etc.
implicit semantics: hasTag is to be used if the tag is equal to the string value, otherwise use hasTagContaining, hasTagStartingWith, hasTagEndingWith</rdfs:comment>
      </owl:DatatypeProperty>
    </rdfs:subPropertyOf>
    <rdfs:comment rdf:datatype="http://www.w3.org/2001/XMLSchema#string"
    >As opposed to hasTag proper, the string representation defines a substring of a concrete annotation.
The respective linguistic annotation then applies to every element whose annotation (tag) contains this substring.</rdfs:comment>
  </owl:DatatypeProperty>
  <owl:DatatypeProperty rdf:ID="hasTagStartingWith">
    <rdfs:comment rdf:datatype="http://www.w3.org/2001/XMLSchema#string"
    >As opposed to hasTag proper, the string representation specifies only the beginning of a concrete annotation.
The respective linguistic annotation then applies to every element whose annotation (tag) startsWith this substring.</rdfs:comment>
    <rdfs:subPropertyOf>
      <rdf:Description rdf:about="http://purl.org/olia/system.owl#hasTag"/>
    </rdfs:subPropertyOf>
  </owl:DatatypeProperty>
  <owl:DatatypeProperty rdf:ID="hasTagEndingWith">
    <rdfs:subPropertyOf rdf:resource="http://purl.org/olia/system.owl#hasTag"/>
    <rdfs:comment rdf:datatype="http://www.w3.org/2001/XMLSchema#string"
    >As opposed to hasTag proper, the string representation defines the final subsequence of a concrete annotation.
The respective linguistic annotation then applies to every element whose annotation (tag) ends with this substring.</rdfs:comment>
  </owl:DatatypeProperty>
  <owl:DatatypeProperty rdf:ID="hasTagMatching">
    <rdfs:subPropertyOf rdf:resource="http://purl.org/olia/system.owl#hasTag"/>
	<rdfs:comment>hasTagMatching is a subproperty of hasTag, so that results can be retrieved if the regular expression match is requested, but an exact value with reserved characters is defined
	</rdfs:comment>
    <rdfs:comment rdf:datatype="http://www.w3.org/2001/XMLSchema#string"
    >hasTagMatching allows to provide regular expressions as those used in XSLT and XPath, see http://www.w3.org/TR/xquery-operators/#func-matches</rdfs:comment>
  </owl:DatatypeProperty>

  <owl:DatatypeProperty rdf:ID="hasTier">
    <rdfs:comment rdf:datatype="http://www.w3.org/2001/XMLSchema#string"
    >Assigns a linguistic annotation a string representation of the annotation layer ("tier", "level") where it is to be found, e.g., "pos" for Part of Speech annotation, "gloss" for linguistic glosses, etc.</rdfs:comment>
    <rdfs:domain rdf:resource="http://purl.org/olia/system.owl#LinguisticAnnotation"/>
  </owl:DatatypeProperty>

  <!-- ======================================================
     ||            ANNOTATION/EDITING OPERATIONS         ||
     ====================================================== -->
  
	<owl:Class rdf:about="http://purl.org/olia/system.owl#AnnotationProcess">
		<owl:versionInfo>DCR annotation and editing operations ignored, e.g., add first vowel  http://www.isocat.org/datcat/DC-2199		 
		</owl:versionInfo>
		<owl:versionInfo>categories for annotation and editing operations added to account for the "Processes" profile in the DCR</owl:versionInfo>
	</owl:Class>

  </rdf:RDF>
