<?xml version="1.0"?>


<!DOCTYPE rdf:RDF [
    <!ENTITY owl "http://www.w3.org/2002/07/owl#" >
    <!ENTITY xsd "http://www.w3.org/2001/XMLSchema#" >
    <!ENTITY rdfs "http://www.w3.org/2000/01/rdf-schema#" >
    <!ENTITY rdf "http://www.w3.org/1999/02/22-rdf-syntax-ns#" >
    <!ENTITY situation "http://www.ontologydesignpatterns.org/cp/owl/situation.owl#" >
    <!ENTITY cpannotationschema "http://www.ontologydesignpatterns.org/schemas/cpannotationschema.owl#" >
]>


<rdf:RDF xmlns="http://www.ontologydesignpatterns.org/cp/owl/situation.owl#"
     xml:base="http://www.ontologydesignpatterns.org/cp/owl/situation.owl"
     xmlns:rdfs="http://www.w3.org/2000/01/rdf-schema#"
     xmlns:cpannotationschema="http://www.ontologydesignpatterns.org/schemas/cpannotationschema.owl#"
     xmlns:owl="http://www.w3.org/2002/07/owl#"
     xmlns:xsd="http://www.w3.org/2001/XMLSchema#"
     xmlns:rdf="http://www.w3.org/1999/02/22-rdf-syntax-ns#"
     xmlns:situation="http://www.ontologydesignpatterns.org/cp/owl/situation.owl#">
    <owl:Ontology rdf:about="http://www.ontologydesignpatterns.org/cp/owl/situation.owl">
        <rdfs:label rdf:datatype="&rdf;PlainLiteral">situation</rdfs:label>
        <owl:versionInfo rdf:datatype="&xsd;string">1.1 added rdfs:isDefinedBy for all named entities</owl:versionInfo>
        <cpannotationschema:hasAuthor rdf:datatype="&rdf;PlainLiteral">Aldo Gangemi</cpannotationschema:hasAuthor>
        <owl:versionInfo rdf:datatype="&xsd;string">Created by Aldo Gangemi and Valentina Presutti</owl:versionInfo>
        <cpannotationschema:scenarios rdf:datatype="&rdf;PlainLiteral">The lecture was held in January 1921 by Bela Fleck, with some physicians in the audience making questions, in a very relaxed athmosphere.</cpannotationschema:scenarios>
        <cpannotationschema:hasIntent rdf:datatype="&rdf;PlainLiteral">To represent contexts or situations, and the things that are contextualized.</cpannotationschema:hasIntent>
        <cpannotationschema:hasConsequences rdf:datatype="&rdf;PlainLiteral">We can contextualize things that have something in common, or are associated: a same place, time, view, causal link, systemic dependence, etc.
We can also reify n-ary relations as situations.</cpannotationschema:hasConsequences>
        <cpannotationschema:coversRequirements rdf:datatype="&rdf;PlainLiteral">What is the context or situation of something? What are the things present in this context or situation?</cpannotationschema:coversRequirements>
        <cpannotationschema:extractedFrom rdf:datatype="&rdf;PlainLiteral">http://www.ontologydesignpatterns.org/ont/dul/DUL.owl</cpannotationschema:extractedFrom>
        <owl:imports rdf:resource="http://www.ontologydesignpatterns.org/schemas/cpannotationschema.owl"/>
    </owl:Ontology>
    


    <!-- 
    ///////////////////////////////////////////////////////////////////////////////////////
    //
    // Annotation properties
    //
    ///////////////////////////////////////////////////////////////////////////////////////
     -->

    <owl:AnnotationProperty rdf:about="&owl;versionInfo"/>
    <owl:AnnotationProperty rdf:about="&cpannotationschema;hasAuthor"/>
    <owl:AnnotationProperty rdf:about="&cpannotationschema;hasConsequences"/>
    <owl:AnnotationProperty rdf:about="&cpannotationschema;scenarios"/>
    <owl:AnnotationProperty rdf:about="&cpannotationschema;extractedFrom"/>
    <owl:AnnotationProperty rdf:about="&rdfs;isDefinedBy"/>
    <owl:AnnotationProperty rdf:about="&cpannotationschema;coversRequirements"/>
    <owl:AnnotationProperty rdf:about="&cpannotationschema;hasIntent"/>
    <owl:AnnotationProperty rdf:about="&rdfs;label"/>
    <owl:AnnotationProperty rdf:about="&rdfs;comment"/>
    


    <!-- 
    ///////////////////////////////////////////////////////////////////////////////////////
    //
    // Object Properties
    //
    ///////////////////////////////////////////////////////////////////////////////////////
     -->

    


    <!-- http://www.ontologydesignpatterns.org/cp/owl/situation.owl#hasSetting -->

    <owl:ObjectProperty rdf:about="&situation;hasSetting">
        <rdfs:label xml:lang="en">has setting</rdfs:label>
        <rdfs:comment>A relation between entities and situations, e.g. &#39;this morning I&#39;ve prepared my coffee with a new fantastic Arabica&#39; (i.e.: (an amount of) a new fantastic Arabica hasSetting the preparation of my coffee this morning).</rdfs:comment>
        <rdfs:isDefinedBy rdf:resource="http://www.ontologydesignpatterns.org/cp/owl/situation.owl"/>
        <rdfs:range rdf:resource="&situation;Situation"/>
        <owl:inverseOf rdf:resource="&situation;isSettingFor"/>
        <rdfs:domain rdf:resource="&owl;Thing"/>
    </owl:ObjectProperty>
    


    <!-- http://www.ontologydesignpatterns.org/cp/owl/situation.owl#isSettingFor -->

    <owl:ObjectProperty rdf:about="&situation;isSettingFor">
        <rdfs:label xml:lang="en">is setting for</rdfs:label>
        <rdfs:isDefinedBy rdf:resource="http://www.ontologydesignpatterns.org/cp/owl/situation.owl"/>
        <rdfs:domain rdf:resource="&situation;Situation"/>
        <rdfs:range rdf:resource="&owl;Thing"/>
    </owl:ObjectProperty>
    


    <!-- 
    ///////////////////////////////////////////////////////////////////////////////////////
    //
    // Classes
    //
    ///////////////////////////////////////////////////////////////////////////////////////
     -->

    


    <!-- http://www.ontologydesignpatterns.org/cp/owl/situation.owl#Situation -->

    <owl:Class rdf:about="&situation;Situation">
        <rdfs:label xml:lang="en">Situation</rdfs:label>
        <rdfs:subClassOf>
            <owl:Restriction>
                <owl:onProperty rdf:resource="&situation;isSettingFor"/>
                <owl:minCardinality rdf:datatype="&xsd;nonNegativeInteger">1</owl:minCardinality>
            </owl:Restriction>
        </rdfs:subClassOf>
        <rdfs:comment>A view on a set of entities. It can be seen as a &#39;relational context&#39;, reifying a relation.
For example, a PlanExecution is a context including some actions executed by agents according to certain parameters and expected tasks to be achieved from a Plan; a DiagnosedSituation is a context of observed entities that is interpreted on the basis of a Diagnosis, etc.
Situation is also able to represent reified n-ary relations, where isSettingFor is the top-level relation for all binary projections of the n-ary relation. If used in a transformation pattern for n-ary relations, the designer should take care of:
- creating only one situation for each instance of an n-ary relation, otherwise the &#39;identification constraint&#39; (Calvanese et al., IJCAI 2001) could be violated
- adding an &#39;exact cardinality&#39; restriction corresponding to the arity of the n-ary relation, otherwise the designer would actually represent a polymorphic relation.</rdfs:comment>
        <rdfs:isDefinedBy rdf:resource="http://www.ontologydesignpatterns.org/cp/owl/situation.owl"/>
    </owl:Class>
    


    <!-- http://www.w3.org/2002/07/owl#Thing -->

    <owl:Class rdf:about="&owl;Thing"/>
</rdf:RDF>



<!-- Generated by the OWL API (version 3.1.0.1602) http://owlapi.sourceforge.net -->

