<?xml version="1.0" encoding="UTF-8"?>
<rdf:RDF xmlns:blt="http://www.bl.uk/schemas/bibliographic/blterms#" xmlns:skos="http://www.w3.org/2004/02/skos/core#" xmlns:foaf="http://xmlns.com/foaf/0.1/" xmlns:owl="http://www.w3.org/2002/07/owl#" xmlns:xsd="http://www.w3.org/2001/XMLSchema#" xmlns:event="http://purl.org/NET/c4dm/event.owl#" xmlns:rdfs="http://www.w3.org/2000/01/rdf-schema#" xmlns:rdf="http://www.w3.org/1999/02/22-rdf-syntax-ns#" xmlns:dct="http://purl.org/dc/terms/" xmlns:voaf="http://purl.org/vocommons/voaf#" xmlns:vann="http://purl.org/vocab/vann/" xmlns:cc="http://creativecommons.org/ns#">

<!-- British Library Terms RDF schema. 
Version 1.01 - Tim.Hodson@talis.com 2011-06-28
corine.deliot@bl.uk 2011-07-28 
Version 1.2 Tim.Hodson@talis.com 2011-11-28
corine.deliot@bl.uk 2011-12-01
Version 1.3 corine.deliot@bl.uk 2012-01-09
Version 1.4 corine.deliot@bl.uk 2013-09-20
Version 1.4.1 corine.deliot@bl.uk 2013-10-03 --> 


<!-- About this ontology -->
	<owl:Ontology rdf:about="http://www.bl.uk/schemas/bibliographic/blterms">
		<owl:versionInfo rdf:datatype="http://www.w3.org/2001/XMLSchema#decimal">1.41</owl:versionInfo>
		<owl:priorVersion rdf:resource="http://www.bl.uk/schemas/bibliographic/blterms-v1-4.rdf"/>
		<owl:priorVersion rdf:resource="http://www.bl.uk/schemas/bibliographic/blterms-v1-3.rdf"/>
		<owl:priorVersion rdf:resource="http://www.bl.uk/schemas/bibliographic/blterms-v1-2.rdf"/>
		<dct:title xml:lang="en">British Library Terms RDF schema</dct:title>
		<rdfs:label xml:lang="en">British Library Terms RDF schema</rdfs:label>
		<rdfs:comment xml:lang="en">Some useful terms for describing bibliographic resources that other models did not include. Version 1.4: brings the description for this schema in line with "Metadata recommendations for Linked Open Vocabulairies", version 1.1.; dct:license replaced by cc:license and the value changed from http://www.opendatacommons.org/licenses/pddl/1.0/ to http://creativecommons.org/publicdomain/mark/1.0/; various typos corrected. Version 1.4.1: added links to previous schema versions</rdfs:comment>
		<dct:created rdf:datatype="http://www.w3.org/2001/XMLSchema#date">2011-06-28</dct:created>
		<dct:modified rdf:datatype="http://www.w3.org/2001/XMLSchema#date">2013-10-03</dct:modified>
		<dct:description xml:lang="en">This schema describes properties and classes defined to facilitate the description of bibliographic resources and their relationships to other entities. The properties and classes defined by this schema supplement properties and classes from other ontologies. A diagram of the full model as used by the British Library is available at: http://www.bl.uk/bibliographic/datafree.html</dct:description>
		<rdf:type rdf:resource="http://purl.org/vocommons/voaf#Vocabulary" />
		<vann:preferredNamespacePrefix>blt</vann:preferredNamespacePrefix>
		<vann:preferredNamespaceUri>http://www.bl.uk/schemas/bibliographic/blterms#</vann:preferredNamespaceUri>
		<dct:contributor foaf:mbox="mailto:Tim.Hodson@talis.com" foaf:name="Tim Hodson" />
		<dct:contributor foaf:mbox="mailto:Corine.Deliot@bl.uk" foaf:name="Corine Deliot" />
		<dct:contributor foaf:mbox="mailto:Alan.Danskin@bl.uk" foaf:name="Alan Danskin" />
		<dct:contributor foaf:mbox="mailto:Heather.Rosie@bl.uk" foaf:name="Heather Rosie" />
		<dct:contributor foaf:mbox="mailto:Jan.Ashton@bl.uk" foaf:name="Jan Ashton" />
		<dct:publisher foaf:mbox="mailto:metadata@bl.uk" foaf:name="British Library, Metadata Services" />
		<dct:rights>public domain</dct:rights>
		<cc:license rdf:resource="http://creativecommons.org/publicdomain/mark/1.0/" />
	</owl:Ontology>
	
	<!-- Classes -->
	<rdfs:Class rdf:about="http://www.bl.uk/schemas/bibliographic/blterms#PublicationEvent">
		<rdf:type rdf:resource="http://www.w3.org/2002/07/owl#Class" />
		<rdfs:label xml:lang="en">Publication event</rdfs:label>
		<rdfs:comment xml:lang="en">An event which is the publication of a resource.</rdfs:comment>
		<rdfs:subClassOf rdf:resource="http://purl.org/NET/c4dm/event.owl#Event" />
		<rdfs:isDefinedBy rdf:resource="http://www.bl.uk/schemas/bibliographic/blterms#" />
	</rdfs:Class>
	<rdfs:Class rdf:about="http://www.bl.uk/schemas/bibliographic/blterms#PublicationStartEvent">
		<rdf:type rdf:resource="http://www.w3.org/2002/07/owl#Class" />
		<rdfs:label xml:lang="en">Publication event start</rdfs:label>
		<rdfs:comment xml:lang="en">An event which is the start of the publication of a resource.</rdfs:comment>
		<rdfs:subClassOf rdf:resource="http://www.bl.uk/schemas/bibliographic/blterms#PublicationEvent" />
		<rdfs:subClassOf rdf:resource="http://purl.org/NET/c4dm/event.owl#Event" />
		<rdfs:isDefinedBy rdf:resource="http://www.bl.uk/schemas/bibliographic/blterms#" />
	</rdfs:Class>
	<rdfs:Class rdf:about="http://www.bl.uk/schemas/bibliographic/blterms#PublicationEndEvent">
		<rdf:type rdf:resource="http://www.w3.org/2002/07/owl#Class" />
		<rdfs:label xml:lang="en">Publication event end</rdfs:label>
		<rdfs:comment xml:lang="en">An event which is the end of the publication of a resource.</rdfs:comment>
		<rdfs:subClassOf rdf:resource="http://www.bl.uk/schemas/bibliographic/blterms#PublicationEvent" />
		<rdfs:subClassOf rdf:resource="http://purl.org/NET/c4dm/event.owl#Event" />
		<rdfs:isDefinedBy rdf:resource="http://www.bl.uk/schemas/bibliographic/blterms#" />
		</rdfs:Class>
	<rdfs:Class rdf:about="http://www.bl.uk/schemas/bibliographic/blterms#Family">
		<rdf:type rdf:resource="http://www.w3.org/2002/07/owl#Class" />
		<rdfs:subClassOf rdf:resource="http://xmlns.com/foaf/0.1/Group" />
		<rdfs:label xml:lang="en">Family</rdfs:label>
		<rdfs:comment xml:lang="en">A family</rdfs:comment>
		<rdfs:isDefinedBy rdf:resource="http://www.bl.uk/schemas/bibliographic/blterms#" />
	</rdfs:Class>
	<rdfs:Class rdf:about="http://www.bl.uk/schemas/bibliographic/blterms#TopicDDC">
		<rdf:type rdf:resource="http://www.w3.org/2002/07/owl#Class" />
		<rdfs:subClassOf rdf:resource="http://www.w3.org/2004/02/skos/core#Concept" />
		<rdfs:label xml:lang="en">Dewey Decimal Classification (DDC) number</rdfs:label>
		<rdfs:comment xml:lang="en">A Dewey Decimal Classification number (as found in British Library cataloguing data)</rdfs:comment>
		<rdfs:isDefinedBy rdf:resource="http://www.bl.uk/schemas/bibliographic/blterms#" />
	</rdfs:Class>
	<rdfs:Class rdf:about="http://www.bl.uk/schemas/bibliographic/blterms#TopicLCSH">
		<rdf:type rdf:resource="http://www.w3.org/2002/07/owl#Class" />
		<rdfs:subClassOf rdf:resource="http://www.w3.org/2004/02/skos/core#Concept" />
		<rdfs:label xml:lang="en">Library of Congress Subject Heading (LCSH)</rdfs:label>
		<rdfs:comment xml:lang="en">A Library of Congress Subject Heading (LCSH) (as found in British Library cataloguing data)</rdfs:comment>
		<rdfs:isDefinedBy rdf:resource="http://www.bl.uk/schemas/bibliographic/blterms#" />
	</rdfs:Class>
	<rdfs:Class rdf:about="http://www.bl.uk/schemas/bibliographic/blterms#PersonConcept">
		<rdf:type rdf:resource="http://www.w3.org/2002/07/owl#Class" />
		<rdfs:subClassOf rdf:resource="http://www.w3.org/2004/02/skos/core#Concept" />
		<rdfs:label xml:lang="en">Person Concept</rdfs:label>
		<rdfs:comment xml:lang="en">A person expressed as a concept.</rdfs:comment>
		<rdfs:isDefinedBy rdf:resource="http://www.bl.uk/schemas/bibliographic/blterms#" />
	</rdfs:Class>
	<rdfs:Class rdf:about="http://www.bl.uk/schemas/bibliographic/blterms#OrganizationConcept">
		<rdf:type rdf:resource="http://www.w3.org/2002/07/owl#Class" />
		<rdfs:subClassOf rdf:resource="http://www.w3.org/2004/02/skos/core#Concept" />
		<rdfs:label xml:lang="en">Organization Concept</rdfs:label>
		<rdfs:comment xml:lang="en">An organization expressed as a concept.</rdfs:comment>
		<rdfs:isDefinedBy rdf:resource="http://www.bl.uk/schemas/bibliographic/blterms#" />
	</rdfs:Class>
	<rdfs:Class rdf:about="http://www.bl.uk/schemas/bibliographic/blterms#FamilyConcept">
		<rdf:type rdf:resource="http://www.w3.org/2002/07/owl#Class" />
		<rdfs:subClassOf rdf:resource="http://www.w3.org/2004/02/skos/core#Concept" />
		<rdfs:label xml:lang="en">Family Concept</rdfs:label>
		<rdfs:comment xml:lang="en">A family expressed as a concept.</rdfs:comment>
		<rdfs:isDefinedBy rdf:resource="http://www.bl.uk/schemas/bibliographic/blterms#" />
	</rdfs:Class>
	<rdfs:Class rdf:about="http://www.bl.uk/schemas/bibliographic/blterms#PlaceConcept">
		<rdf:type rdf:resource="http://www.w3.org/2002/07/owl#Class" />
		<rdfs:subClassOf rdf:resource="http://www.w3.org/2004/02/skos/core#Concept" />
		<rdfs:label xml:lang="en">Place Concept</rdfs:label>
		<rdfs:comment xml:lang="en">A place expressed as a concept.</rdfs:comment>
		<rdfs:isDefinedBy rdf:resource="http://www.bl.uk/schemas/bibliographic/blterms#" />
	</rdfs:Class>
	
	<!-- Properties -->
	<rdf:Property rdf:about="http://www.bl.uk/schemas/bibliographic/blterms#bnb">
		<rdf:type rdf:resource="http://www.w3.org/2002/07/owl#DatatypeProperty" />
		<rdfs:subPropertyOf rdf:resource="http://purl.org/dc/terms/identifier" />
		<rdfs:label xml:lang="en">BNB number</rdfs:label>
		<rdfs:comment xml:lang="en">The BNB number associated with this resource</rdfs:comment>
		<rdfs:range rdf:resource="http://www.w3.org/2000/01/rdf-schema#Literal" />
		<rdfs:isDefinedBy rdf:resource="http://www.bl.uk/schemas/bibliographic/blterms#" />
	</rdf:Property>
	<rdf:Property rdf:about="http://www.bl.uk/schemas/bibliographic/blterms#hasCreated">
		<owl:inverseOf rdf:resource="http://purl.org/dc/terms/creator" />
		<rdfs:label xml:lang="en">has created</rdfs:label>
		<rdfs:comment xml:lang="en">the inverse property of dct:creator</rdfs:comment>
		<rdfs:isDefinedBy rdf:resource="http://www.bl.uk/schemas/bibliographic/blterms#" />
	</rdf:Property>
	<rdf:Property rdf:about="http://www.bl.uk/schemas/bibliographic/blterms#hasContributedTo">
		<owl:inverseOf rdf:resource="http://purl.org/dc/terms/contributor" />
		<rdfs:label xml:lang="en">has contributed to</rdfs:label>
		<rdfs:comment xml:lang="en">the inverse property of dct:contributor</rdfs:comment>
		<rdfs:isDefinedBy rdf:resource="http://www.bl.uk/schemas/bibliographic/blterms#" />
	</rdf:Property>
	<rdf:Property rdf:about="http://www.bl.uk/schemas/bibliographic/blterms#publication">
		<rdf:type rdf:resource="http://www.w3.org/2002/07/owl#ObjectProperty" />
		<rdfs:label xml:lang="en">Publication</rdfs:label>
		<rdfs:comment xml:lang="en">The publication event of a resource.</rdfs:comment>
		<rdfs:range rdf:resource="http://www.bl.uk/schemas/bibliographic/blterms#PublicationEvent"/>
		<rdfs:isDefinedBy rdf:resource="http://www.bl.uk/schemas/bibliographic/blterms#" />
	</rdf:Property>
	<rdf:Property rdf:about="http://www.bl.uk/schemas/bibliographic/blterms#publicationStart">
		<rdf:type rdf:resource="http://www.w3.org/2002/07/owl#ObjectProperty" />
		<rdfs:subPropertyOf rdf:resource="http://www.bl.uk/schemas/bibliographic/blterms#publication" />
		<rdfs:label xml:lang="en">Publication start</rdfs:label>
		<rdfs:comment xml:lang="en">The start of the publication event of a resource.</rdfs:comment>
		<rdfs:range rdf:resource="http://www.bl.uk/schemas/bibliographic/blterms#PublicationStartEvent"/>
		<rdfs:isDefinedBy rdf:resource="http://www.bl.uk/schemas/bibliographic/blterms#" />
	</rdf:Property>
	<rdf:Property rdf:about="http://www.bl.uk/schemas/bibliographic/blterms#publicationEnd">
		<rdf:type rdf:resource="http://www.w3.org/2002/07/owl#ObjectProperty" />
		<rdfs:subPropertyOf rdf:resource="http://www.bl.uk/schemas/bibliographic/blterms#publication" />
		<rdfs:label xml:lang="en">Publication end</rdfs:label>
		<rdfs:comment xml:lang="en">The end of the publication event of a resource.</rdfs:comment>
		<rdfs:range rdf:resource="http://www.bl.uk/schemas/bibliographic/blterms#PublicationEndEvent"/>
		<rdfs:isDefinedBy rdf:resource="http://www.bl.uk/schemas/bibliographic/blterms#" />
	</rdf:Property>
</rdf:RDF>