<?xml version="1.0"?>


<!DOCTYPE rdf:RDF [
    <!ENTITY owl "http://www.w3.org/2002/07/owl#" >
    <!ENTITY xsd "http://www.w3.org/2001/XMLSchema#" >
    <!ENTITY rdfs "http://www.w3.org/2000/01/rdf-schema#" >
    <!ENTITY rdf "http://www.w3.org/1999/02/22-rdf-syntax-ns#" >
    <!ENTITY situation "http://www.ontologydesignpatterns.org/cp/owl/situation.owl#" >
    <!ENTITY timeinterval "http://www.ontologydesignpatterns.org/cp/owl/timeinterval.owl#" >
    <!ENTITY cpannotationschema "http://www.ontologydesignpatterns.org/schemas/cpannotationschema.owl#" >
    <!ENTITY timeindexedsituation "http://www.ontologydesignpatterns.org/cp/owl/timeindexedsituation.owl#" >
]>


<rdf:RDF xmlns="http://www.ontologydesignpatterns.org/cp/owl/timeindexedsituation.owl#"
     xml:base="http://www.ontologydesignpatterns.org/cp/owl/timeindexedsituation.owl"
     xmlns:timeindexedsituation="http://www.ontologydesignpatterns.org/cp/owl/timeindexedsituation.owl#"
     xmlns:timeinterval="http://www.ontologydesignpatterns.org/cp/owl/timeinterval.owl#"
     xmlns:rdfs="http://www.w3.org/2000/01/rdf-schema#"
     xmlns:cpannotationschema="http://www.ontologydesignpatterns.org/schemas/cpannotationschema.owl#"
     xmlns:owl="http://www.w3.org/2002/07/owl#"
     xmlns:xsd="http://www.w3.org/2001/XMLSchema#"
     xmlns:rdf="http://www.w3.org/1999/02/22-rdf-syntax-ns#"
     xmlns:situation="http://www.ontologydesignpatterns.org/cp/owl/situation.owl#">
    <owl:Ontology rdf:about="http://www.ontologydesignpatterns.org/cp/owl/timeindexedsituation.owl">
        <owl:versionInfo rdf:datatype="&xsd;string">1.0
- Revised, and added annotations for ODP publishing
0.1
- Created by Aldo Gangemi</owl:versionInfo>
        <owl:versionInfo rdf:datatype="&xsd;string">1.1 added rdfs:isDefinedBy for all named entities</owl:versionInfo>
        <rdfs:comment rdf:datatype="&rdf;PlainLiteral">A generic pattern usable for all situations that require a temporal indexing.</rdfs:comment>
        <cpannotationschema:hasAuthor rdf:datatype="&rdf;PlainLiteral">Aldo Gangemi</cpannotationschema:hasAuthor>
        <cpannotationschema:coversRequirements rdf:datatype="&rdf;PlainLiteral">At what time did a certain situation occur?,What situations occurred at a certain time?</cpannotationschema:coversRequirements>
        <cpannotationschema:scenarios rdf:datatype="&rdf;PlainLiteral">Mustafa&#39;s address in 2005 was in Brussels</cpannotationschema:scenarios>
        <cpannotationschema:hasUnitTest rdf:datatype="&rdf;PlainLiteral">SELECT ?x ?e ?t
WHERE {
?x :forEntity ?e .
?x :atTime ?t }</cpannotationschema:hasUnitTest>
        <cpannotationschema:isSpecializationOf rdf:datatype="&rdf;PlainLiteral">Situation</cpannotationschema:isSpecializationOf>
        <cpannotationschema:relatedCPs rdf:datatype="&rdf;PlainLiteral">Time indexed participation,TimeIndexedClassification</cpannotationschema:relatedCPs>
        <cpannotationschema:hasComponent rdf:datatype="&rdf;PlainLiteral">TimeInterval</cpannotationschema:hasComponent>
        <cpannotationschema:hasIntent rdf:datatype="&rdf;PlainLiteral">To represent time indexed situations.</cpannotationschema:hasIntent>
        <cpannotationschema:hasConsequences rdf:datatype="&rdf;PlainLiteral">We can represent situations that have an explicit time parameter.
In principle, this can be done already with the Situation pattern, but this provides a handy composition with the TimeInterval pattern.</cpannotationschema:hasConsequences>
        <owl:imports rdf:resource="http://www.ontologydesignpatterns.org/cp/owl/situation.owl"/>
        <owl:imports rdf:resource="http://www.ontologydesignpatterns.org/cp/owl/timeinterval.owl"/>
        <owl:imports rdf:resource="http://www.ontologydesignpatterns.org/schemas/cpannotationschema.owl"/>
    </owl:Ontology>
    


    <!-- 
    ///////////////////////////////////////////////////////////////////////////////////////
    //
    // Annotation properties
    //
    ///////////////////////////////////////////////////////////////////////////////////////
     -->

    <owl:AnnotationProperty rdf:about="&cpannotationschema;hasAuthor"/>
    <owl:AnnotationProperty rdf:about="&cpannotationschema;scenarios"/>
    <owl:AnnotationProperty rdf:about="&cpannotationschema;hasConsequences"/>
    <owl:AnnotationProperty rdf:about="&cpannotationschema;hasUnitTest"/>
    <owl:AnnotationProperty rdf:about="&cpannotationschema;hasComponent"/>
    <owl:AnnotationProperty rdf:about="&cpannotationschema;coversRequirements"/>
    <owl:AnnotationProperty rdf:about="&cpannotationschema;hasIntent"/>
    <owl:AnnotationProperty rdf:about="&cpannotationschema;isSpecializationOf"/>
    <owl:AnnotationProperty rdf:about="&rdfs;label"/>
    <owl:AnnotationProperty rdf:about="&rdfs;comment"/>
    <owl:AnnotationProperty rdf:about="&owl;versionInfo"/>
    <owl:AnnotationProperty rdf:about="&rdfs;isDefinedBy"/>
    <owl:AnnotationProperty rdf:about="&cpannotationschema;relatedCPs"/>
    


    <!-- 
    ///////////////////////////////////////////////////////////////////////////////////////
    //
    // Object Properties
    //
    ///////////////////////////////////////////////////////////////////////////////////////
     -->

    


    <!-- http://www.ontologydesignpatterns.org/cp/owl/situation.owl#hasSetting -->

    <owl:ObjectProperty rdf:about="&situation;hasSetting"/>
    


    <!-- http://www.ontologydesignpatterns.org/cp/owl/situation.owl#isSettingFor -->

    <owl:ObjectProperty rdf:about="&situation;isSettingFor"/>
    


    <!-- http://www.ontologydesignpatterns.org/cp/owl/timeindexedsituation.owl#atTime -->

    <owl:ObjectProperty rdf:about="&timeindexedsituation;atTime">
        <rdfs:label xml:lang="en">at time</rdfs:label>
        <rdfs:isDefinedBy rdf:resource="http://www.ontologydesignpatterns.org/cp/owl/timeindexedsituation.owl"/>
        <rdfs:subPropertyOf rdf:resource="&situation;isSettingFor"/>
        <rdfs:domain rdf:resource="&timeindexedsituation;TimeIndexedSituation"/>
        <rdfs:range rdf:resource="&timeinterval;TimeInterval"/>
    </owl:ObjectProperty>
    


    <!-- http://www.ontologydesignpatterns.org/cp/owl/timeindexedsituation.owl#forEntity -->

    <owl:ObjectProperty rdf:about="&timeindexedsituation;forEntity">
        <rdfs:label xml:lang="en">for entity</rdfs:label>
        <rdfs:isDefinedBy rdf:resource="http://www.ontologydesignpatterns.org/cp/owl/timeindexedsituation.owl"/>
        <rdfs:subPropertyOf rdf:resource="&situation;isSettingFor"/>
        <rdfs:domain rdf:resource="&timeindexedsituation;TimeIndexedSituation"/>
        <rdfs:range rdf:resource="&owl;Thing"/>
    </owl:ObjectProperty>
    


    <!-- http://www.ontologydesignpatterns.org/cp/owl/timeindexedsituation.owl#hasTimeIndexedSetting -->

    <owl:ObjectProperty rdf:about="&timeindexedsituation;hasTimeIndexedSetting">
        <rdfs:label xml:lang="en">has time indexed setting</rdfs:label>
        <rdfs:isDefinedBy rdf:resource="http://www.ontologydesignpatterns.org/cp/owl/timeindexedsituation.owl"/>
        <rdfs:subPropertyOf rdf:resource="&situation;hasSetting"/>
        <rdfs:range rdf:resource="&timeindexedsituation;TimeIndexedSituation"/>
        <owl:inverseOf rdf:resource="&timeindexedsituation;forEntity"/>
        <rdfs:domain rdf:resource="&owl;Thing"/>
    </owl:ObjectProperty>
    


    <!-- http://www.ontologydesignpatterns.org/cp/owl/timeindexedsituation.owl#isTimeIndexFor -->

    <owl:ObjectProperty rdf:about="&timeindexedsituation;isTimeIndexFor">
        <rdfs:label xml:lang="en">is time index for</rdfs:label>
        <rdfs:isDefinedBy rdf:resource="http://www.ontologydesignpatterns.org/cp/owl/timeindexedsituation.owl"/>
        <rdfs:subPropertyOf rdf:resource="&situation;hasSetting"/>
        <rdfs:range rdf:resource="&timeindexedsituation;TimeIndexedSituation"/>
        <owl:inverseOf rdf:resource="&timeindexedsituation;atTime"/>
        <rdfs:domain rdf:resource="&timeinterval;TimeInterval"/>
    </owl:ObjectProperty>
    


    <!-- 
    ///////////////////////////////////////////////////////////////////////////////////////
    //
    // Classes
    //
    ///////////////////////////////////////////////////////////////////////////////////////
     -->

    


    <!-- http://www.ontologydesignpatterns.org/cp/owl/situation.owl#Situation -->

    <owl:Class rdf:about="&situation;Situation"/>
    


    <!-- http://www.ontologydesignpatterns.org/cp/owl/timeindexedsituation.owl#TimeIndexedSituation -->

    <owl:Class rdf:about="&timeindexedsituation;TimeIndexedSituation">
        <rdfs:label xml:lang="en">Time indexed situation</rdfs:label>
        <rdfs:subClassOf rdf:resource="&situation;Situation"/>
        <rdfs:subClassOf>
            <owl:Restriction>
                <owl:onProperty rdf:resource="&timeindexedsituation;atTime"/>
                <owl:minCardinality rdf:datatype="&xsd;nonNegativeInteger">1</owl:minCardinality>
            </owl:Restriction>
        </rdfs:subClassOf>
        <rdfs:subClassOf>
            <owl:Restriction>
                <owl:onProperty rdf:resource="&timeindexedsituation;forEntity"/>
                <owl:minCardinality rdf:datatype="&xsd;nonNegativeInteger">1</owl:minCardinality>
            </owl:Restriction>
        </rdfs:subClassOf>
        <rdfs:comment>A Situation that is explicitly indexed at some time for at least one entity.</rdfs:comment>
        <rdfs:isDefinedBy rdf:resource="http://www.ontologydesignpatterns.org/cp/owl/timeindexedsituation.owl"/>
    </owl:Class>
    


    <!-- http://www.ontologydesignpatterns.org/cp/owl/timeinterval.owl#TimeInterval -->

    <owl:Class rdf:about="&timeinterval;TimeInterval"/>
    


    <!-- http://www.w3.org/2002/07/owl#Thing -->

    <owl:Class rdf:about="&owl;Thing"/>
</rdf:RDF>



<!-- Generated by the OWL API (version 3.1.0.1602) http://owlapi.sourceforge.net -->

